Dataset,embeddings,# Features,# Samples,Feature_Samples_ratio,Intrinsic_Dimension,Condition number,Fisher Discriminant Ratio,Total Correlations,Mutual information,# Non-zero entries,# Low variance features,Variation,std_var,Coefficient of Variation %,std_co_of_v,Skewness,std_skew,Kurtosis,std_kurt,Mean Log Kernel Density,Isomap Reconstruction Error,Fractal dimension,Entropy,std_entropy,iteration,model,accuracy,f1_score,time,auc,Model_Parameters,datatype,model_embed_datatype
class_data-1.csv,pca,3,70,0.0428571428571428,3,1.5933720368545696,0.5889308881644273,0.0,0.1861514658021782,210,1,0.1133333333333333,0.0513160143944688,8.979250651249522e+17,9.70320482959011e+17,-0.256118105779314,0.2294225287800358,-0.3342499961345304,0.3128788065153813,-0.6358111418875062,0.0907188718556204,1.987975590318952,0.8812908992306927,0.0,1,dt,0.8666666666666667,0.8613636363636363,0.0080587863922119,0.8095238095238095,"{'estimator__ccp_alpha': 0.0, 'estimator__class_weight': None, 'estimator__criterion': 'gini', 'estimator__max_depth': None, 'estimator__max_features': None, 'estimator__max_leaf_nodes': None, 'estimator__min_impurity_decrease': 0.0, 'estimator__min_samples_leaf': 1, 'estimator__min_samples_split': 2, 'estimator__min_weight_fraction_leaf': 0.0, 'estimator__monotonic_cst': None, 'estimator__random_state': None, 'estimator__splitter': 'best', 'estimator': DecisionTreeClassifier(), 'n_jobs': None}",class_data,dt_pca_class_data
class_data-1.csv,pca,3,70,0.0428571428571428,3,1.5933720368545696,0.5889308881644273,0.0,0.1861514658021782,210,1,0.1133333333333333,0.0513160143944688,8.979250651249522e+17,9.70320482959011e+17,-0.256118105779314,0.2294225287800358,-0.3342499961345304,0.3128788065153813,-0.6358111418875062,0.0907188718556204,1.987975590318952,0.8812908992306927,0.0,1,svc,0.7,0.5764705882352941,0.0090360641479492,0.5,"{'estimator__C': 0.01, 'estimator__break_ties': False, 'estimator__cache_size': 200, 'estimator__class_weight': None, 'estimator__coef0': 0.0, 'estimator__decision_function_shape': 'ovr', 'estimator__degree': 3, 'estimator__gamma': 0.1, 'estimator__kernel': 'linear', 'estimator__max_iter': -1, 'estimator__probability': False, 'estimator__random_state': None, 'estimator__shrinking': True, 'estimator__tol': 0.001, 'estimator__verbose': False, 'estimator': SVC(C=0.01, gamma=0.1, kernel='linear'), 'n_jobs': None}",class_data,svc_pca_class_data
class_data-1.csv,isomap,3,70,0.0428571428571428,3,1.5637809765862878,0.6153267725992562,0.0,0.1743070204009816,210,1,0.1666666666666666,0.0763762615825973,1.2128335962550892e+18,1.2110045328893998e+18,0.3145127760100801,0.1488867671504597,-0.6211688704341366,0.2528437755778428,-0.995197256949336,0.150260450284594,1.9880347568233676,0.8812908992306927,0.0,1,dt,0.9,0.8982216142270861,0.0084974765777587,0.8650793650793651,"{'estimator__ccp_alpha': 0.0, 'estimator__class_weight': None, 'estimator__criterion': 'gini', 'estimator__max_depth': None, 'estimator__max_features': None, 'estimator__max_leaf_nodes': None, 'estimator__min_impurity_decrease': 0.0, 'estimator__min_samples_leaf': 1, 'estimator__min_samples_split': 2, 'estimator__min_weight_fraction_leaf': 0.0, 'estimator__monotonic_cst': None, 'estimator__random_state': None, 'estimator__splitter': 'best', 'estimator': DecisionTreeClassifier(), 'n_jobs': None}",class_data,dt_isomap_class_data
class_data-1.csv,isomap,3,70,0.0428571428571428,3,1.5637809765862878,0.6153267725992562,0.0,0.1743070204009816,210,1,0.1666666666666666,0.0763762615825973,1.2128335962550892e+18,1.2110045328893998e+18,0.3145127760100801,0.1488867671504597,-0.6211688704341366,0.2528437755778428,-0.995197256949336,0.150260450284594,1.9880347568233676,0.8812908992306927,0.0,1,svc,0.7,0.5764705882352941,0.0064678192138671,0.5,"{'estimator__C': 0.01, 'estimator__break_ties': False, 'estimator__cache_size': 200, 'estimator__class_weight': None, 'estimator__coef0': 0.0, 'estimator__decision_function_shape': 'ovr', 'estimator__degree': 3, 'estimator__gamma': 0.1, 'estimator__kernel': 'linear', 'estimator__max_iter': -1, 'estimator__probability': False, 'estimator__random_state': None, 'estimator__shrinking': True, 'estimator__tol': 0.001, 'estimator__verbose': False, 'estimator': SVC(C=0.01, gamma=0.1, kernel='linear'), 'n_jobs': None}",class_data,svc_isomap_class_data
class_data-1.csv,none,10,70,0.1428571428571428,8,1.149214612530412e+16,0.3439472510086738,13.772762321118162,0.1078816548426477,690,4,0.056,0.0107496769977314,47.72202309152597,7.098483477339916,0.0003435387181665,0.279444190011488,-0.517758282018679,0.3949016435726991,2.8303323802156704,0.2889914621986245,1.9965317204436972,0.8812908992306927,0.0,1,dt,0.8666666666666667,0.8666666666666667,0.0065860748291015,0.8412698412698412,"{'estimator__ccp_alpha': 0.0, 'estimator__class_weight': None, 'estimator__criterion': 'gini', 'estimator__max_depth': None, 'estimator__max_features': None, 'estimator__max_leaf_nodes': None, 'estimator__min_impurity_decrease': 0.0, 'estimator__min_samples_leaf': 1, 'estimator__min_samples_split': 2, 'estimator__min_weight_fraction_leaf': 0.0, 'estimator__monotonic_cst': None, 'estimator__random_state': None, 'estimator__splitter': 'best', 'estimator': DecisionTreeClassifier(), 'n_jobs': None}",class_data,dt_none_class_data
class_data-1.csv,none,10,70,0.1428571428571428,8,1.149214612530412e+16,0.3439472510086738,13.772762321118162,0.1078816548426477,690,4,0.056,0.0107496769977314,47.72202309152597,7.098483477339916,0.0003435387181665,0.279444190011488,-0.517758282018679,0.3949016435726991,2.8303323802156704,0.2889914621986245,1.9965317204436972,0.8812908992306927,0.0,1,svc,0.7,0.5764705882352941,0.0062930583953857,0.5,"{'estimator__C': 0.01, 'estimator__break_ties': False, 'estimator__cache_size': 200, 'estimator__class_weight': None, 'estimator__coef0': 0.0, 'estimator__decision_function_shape': 'ovr', 'estimator__degree': 3, 'estimator__gamma': 0.1, 'estimator__kernel': 'linear', 'estimator__max_iter': -1, 'estimator__probability': False, 'estimator__random_state': None, 'estimator__shrinking': True, 'estimator__tol': 0.001, 'estimator__verbose': False, 'estimator': SVC(C=0.01, gamma=0.1, kernel='linear'), 'n_jobs': None}",class_data,svc_none_class_data
class_data-1.csv,pca,3,70,0.0428571428571428,3,1.5955636214439493,0.6856679200097978,4.440892098500626e-16,0.22538794414793,210,1,0.11,0.0529150262212918,5.693997319512522e+17,4.7320068041988096e+17,-0.0668617924139346,0.4711339021469366,-0.635863555088264,0.1249754582354664,-0.6346212964477824,0.0907660266044716,1.9884490551201484,0.8812908992306927,0.0,2,dt,0.9,0.9014120667522464,0.0062894821166992,0.8968253968253967,"{'estimator__ccp_alpha': 0.0, 'estimator__class_weight': None, 'estimator__criterion': 'gini', 'estimator__max_depth': None, 'estimator__max_features': None, 'estimator__max_leaf_nodes': None, 'estimator__min_impurity_decrease': 0.0, 'estimator__min_samples_leaf': 1, 'estimator__min_samples_split': 2, 'estimator__min_weight_fraction_leaf': 0.0, 'estimator__monotonic_cst': None, 'estimator__random_state': None, 'estimator__splitter': 'best', 'estimator': DecisionTreeClassifier(), 'n_jobs': None}",class_data,dt_pca_class_data
class_data-1.csv,pca,3,70,0.0428571428571428,3,1.5955636214439493,0.6856679200097978,4.440892098500626e-16,0.22538794414793,210,1,0.11,0.0529150262212918,5.693997319512522e+17,4.7320068041988096e+17,-0.0668617924139346,0.4711339021469366,-0.635863555088264,0.1249754582354664,-0.6346212964477824,0.0907660266044716,1.9884490551201484,0.8812908992306927,0.0,2,svc,0.7,0.5764705882352941,0.0061962604522705,0.5,"{'estimator__C': 0.01, 'estimator__break_ties': False, 'estimator__cache_size': 200, 'estimator__class_weight': None, 'estimator__coef0': 0.0, 'estimator__decision_function_shape': 'ovr', 'estimator__degree': 3, 'estimator__gamma': 0.1, 'estimator__kernel': 'linear', 'estimator__max_iter': -1, 'estimator__probability': False, 'estimator__random_state': None, 'estimator__shrinking': True, 'estimator__tol': 0.001, 'estimator__verbose': False, 'estimator': SVC(C=0.01, gamma=0.1, kernel='linear'), 'n_jobs': None}",class_data,svc_pca_class_data
class_data-1.csv,isomap,3,70,0.0428571428571428,3,1.5676663087098417,0.6356695816234585,0.0,0.2251365714074184,210,1,0.17,0.0793725393319377,2.3998407806605133e+18,2.375208131028926e+18,0.3743189884586528,0.2332187350804193,-0.6918040449883301,0.3829079260845555,-0.9553406104820428,0.1654040311749011,1.9883992728290616,0.8812908992306927,0.0,2,dt,1.0,1.0,0.0063364505767822,1.0,"{'estimator__ccp_alpha': 0.0, 'estimator__class_weight': None, 'estimator__criterion': 'gini', 'estimator__max_depth': None, 'estimator__max_features': None, 'estimator__max_leaf_nodes': None, 'estimator__min_impurity_decrease': 0.0, 'estimator__min_samples_leaf': 1, 'estimator__min_samples_split': 2, 'estimator__min_weight_fraction_leaf': 0.0, 'estimator__monotonic_cst': None, 'estimator__random_state': None, 'estimator__splitter': 'best', 'estimator': DecisionTreeClassifier(), 'n_jobs': None}",class_data,dt_isomap_class_data
class_data-1.csv,isomap,3,70,0.0428571428571428,3,1.5676663087098417,0.6356695816234585,0.0,0.2251365714074184,210,1,0.17,0.0793725393319377,2.3998407806605133e+18,2.375208131028926e+18,0.3743189884586528,0.2332187350804193,-0.6918040449883301,0.3829079260845555,-0.9553406104820428,0.1654040311749011,1.9883992728290616,0.8812908992306927,0.0,2,svc,0.7,0.5764705882352941,0.00620698928833,0.5,"{'estimator__C': 0.01, 'estimator__break_ties': False, 'estimator__cache_size': 200, 'estimator__class_weight': None, 'estimator__coef0': 0.0, 'estimator__decision_function_shape': 'ovr', 'estimator__degree': 3, 'estimator__gamma': 0.1, 'estimator__kernel': 'linear', 'estimator__max_iter': -1, 'estimator__probability': False, 'estimator__random_state': None, 'estimator__shrinking': True, 'estimator__tol': 0.001, 'estimator__verbose': False, 'estimator': SVC(C=0.01, gamma=0.1, kernel='linear'), 'n_jobs': None}",class_data,svc_isomap_class_data
class_data-1.csv,none,10,70,0.1428571428571428,8,2.208795477305898e+16,0.3947433678885899,12.428754222942832,0.0987959077059446,690,3,0.053,0.0170293863659264,46.6389906724532,7.059617092999689,0.0682983812369279,0.3007742234746663,-0.3813548830646548,0.5938771832866725,2.8735178480038166,0.2537026231566387,1.996538019792748,0.8812908992306927,0.0,2,dt,0.8,0.8,0.0066468715667724,0.7619047619047621,"{'estimator__ccp_alpha': 0.0, 'estimator__class_weight': None, 'estimator__criterion': 'gini', 'estimator__max_depth': None, 'estimator__max_features': None, 'estimator__max_leaf_nodes': None, 'estimator__min_impurity_decrease': 0.0, 'estimator__min_samples_leaf': 1, 'estimator__min_samples_split': 2, 'estimator__min_weight_fraction_leaf': 0.0, 'estimator__monotonic_cst': None, 'estimator__random_state': None, 'estimator__splitter': 'best', 'estimator': DecisionTreeClassifier(), 'n_jobs': None}",class_data,dt_none_class_data
class_data-1.csv,none,10,70,0.1428571428571428,8,2.208795477305898e+16,0.3947433678885899,12.428754222942832,0.0987959077059446,690,3,0.053,0.0170293863659264,46.6389906724532,7.059617092999689,0.0682983812369279,0.3007742234746663,-0.3813548830646548,0.5938771832866725,2.8735178480038166,0.2537026231566387,1.996538019792748,0.8812908992306927,0.0,2,svc,0.7,0.5764705882352941,0.0060288906097412,0.5,"{'estimator__C': 0.01, 'estimator__break_ties': False, 'estimator__cache_size': 200, 'estimator__class_weight': None, 'estimator__coef0': 0.0, 'estimator__decision_function_shape': 'ovr', 'estimator__degree': 3, 'estimator__gamma': 0.1, 'estimator__kernel': 'linear', 'estimator__max_iter': -1, 'estimator__probability': False, 'estimator__random_state': None, 'estimator__shrinking': True, 'estimator__tol': 0.001, 'estimator__verbose': False, 'estimator': SVC(C=0.01, gamma=0.1, kernel='linear'), 'n_jobs': None}",class_data,svc_none_class_data
class_data-1.csv,pca,3,70,0.0428571428571428,3,1.6578582754148448,0.5929033924259413,0.0,0.174314521500063,210,1,0.1133333333333333,0.0585946527708231,-2.455584166992804e+17,6.11112648053103e+17,-0.1233493280848586,0.1157477765227329,-0.7750904239868786,0.1321210022255007,-0.6525114280081886,0.0942919540128626,1.988271276258166,0.8812908992306927,0.0,3,dt,0.9333333333333332,0.935,0.0063858032226562,0.9523809523809524,"{'estimator__ccp_alpha': 0.0, 'estimator__class_weight': None, 'estimator__criterion': 'gini', 'estimator__max_depth': None, 'estimator__max_features': None, 'estimator__max_leaf_nodes': None, 'estimator__min_impurity_decrease': 0.0, 'estimator__min_samples_leaf': 1, 'estimator__min_samples_split': 2, 'estimator__min_weight_fraction_leaf': 0.0, 'estimator__monotonic_cst': None, 'estimator__random_state': None, 'estimator__splitter': 'best', 'estimator': DecisionTreeClassifier(), 'n_jobs': None}",class_data,dt_pca_class_data
class_data-1.csv,pca,3,70,0.0428571428571428,3,1.6578582754148448,0.5929033924259413,0.0,0.174314521500063,210,1,0.1133333333333333,0.0585946527708231,-2.455584166992804e+17,6.11112648053103e+17,-0.1233493280848586,0.1157477765227329,-0.7750904239868786,0.1321210022255007,-0.6525114280081886,0.0942919540128626,1.988271276258166,0.8812908992306927,0.0,3,svc,0.7,0.5764705882352941,0.0060629844665527,0.5,"{'estimator__C': 0.01, 'estimator__break_ties': False, 'estimator__cache_size': 200, 'estimator__class_weight': None, 'estimator__coef0': 0.0, 'estimator__decision_function_shape': 'ovr', 'estimator__degree': 3, 'estimator__gamma': 0.1, 'estimator__kernel': 'linear', 'estimator__max_iter': -1, 'estimator__probability': False, 'estimator__random_state': None, 'estimator__shrinking': True, 'estimator__tol': 0.001, 'estimator__verbose': False, 'estimator': SVC(C=0.01, gamma=0.1, kernel='linear'), 'n_jobs': None}",class_data,svc_pca_class_data
class_data-1.csv,isomap,3,70,0.0428571428571428,3,1.6092109715457823,0.5790965233730908,0.0,0.1485482079449647,210,1,0.1666666666666666,0.0832666399786453,2.277982298726223e+18,3.911484586585424e+18,0.0566414880566961,0.0810821067700297,-0.9237154406664267,0.1515956341677034,-0.9868430393225768,0.134139010762056,1.988158284259052,0.8812908992306927,0.0,3,dt,0.9666666666666668,0.9660738714090286,0.006314992904663,0.9444444444444444,"{'estimator__ccp_alpha': 0.0, 'estimator__class_weight': None, 'estimator__criterion': 'gini', 'estimator__max_depth': None, 'estimator__max_features': None, 'estimator__max_leaf_nodes': None, 'estimator__min_impurity_decrease': 0.0, 'estimator__min_samples_leaf': 1, 'estimator__min_samples_split': 2, 'estimator__min_weight_fraction_leaf': 0.0, 'estimator__monotonic_cst': None, 'estimator__random_state': None, 'estimator__splitter': 'best', 'estimator': DecisionTreeClassifier(), 'n_jobs': None}",class_data,dt_isomap_class_data
class_data-1.csv,isomap,3,70,0.0428571428571428,3,1.6092109715457823,0.5790965233730908,0.0,0.1485482079449647,210,1,0.1666666666666666,0.0832666399786453,2.277982298726223e+18,3.911484586585424e+18,0.0566414880566961,0.0810821067700297,-0.9237154406664267,0.1515956341677034,-0.9868430393225768,0.134139010762056,1.988158284259052,0.8812908992306927,0.0,3,svc,0.7,0.5764705882352941,0.0060529708862304,0.5,"{'estimator__C': 0.01, 'estimator__break_ties': False, 'estimator__cache_size': 200, 'estimator__class_weight': None, 'estimator__coef0': 0.0, 'estimator__decision_function_shape': 'ovr', 'estimator__degree': 3, 'estimator__gamma': 0.1, 'estimator__kernel': 'linear', 'estimator__max_iter': -1, 'estimator__probability': False, 'estimator__random_state': None, 'estimator__shrinking': True, 'estimator__tol': 0.001, 'estimator__verbose': False, 'estimator': SVC(C=0.01, gamma=0.1, kernel='linear'), 'n_jobs': None}",class_data,svc_isomap_class_data
class_data-1.csv,none,10,70,0.1428571428571428,8,1.998764662864305e+16,0.3663784353758743,12.921933213372174,0.1121522767623459,690,3,0.055,0.0126929551764398,47.89873118556842,7.608652244498416,0.0703067971519872,0.2890898202568124,-0.3309913789901886,0.5529088670948621,2.8555721713599445,0.2335633727868771,1.9965216451376708,0.8812908992306927,0.0,3,dt,0.9,0.9014120667522464,0.0064404010772705,0.8968253968253967,"{'estimator__ccp_alpha': 0.0, 'estimator__class_weight': None, 'estimator__criterion': 'gini', 'estimator__max_depth': None, 'estimator__max_features': None, 'estimator__max_leaf_nodes': None, 'estimator__min_impurity_decrease': 0.0, 'estimator__min_samples_leaf': 1, 'estimator__min_samples_split': 2, 'estimator__min_weight_fraction_leaf': 0.0, 'estimator__monotonic_cst': None, 'estimator__random_state': None, 'estimator__splitter': 'best', 'estimator': DecisionTreeClassifier(), 'n_jobs': None}",class_data,dt_none_class_data
class_data-1.csv,none,10,70,0.1428571428571428,8,1.998764662864305e+16,0.3663784353758743,12.921933213372174,0.1121522767623459,690,3,0.055,0.0126929551764398,47.89873118556842,7.608652244498416,0.0703067971519872,0.2890898202568124,-0.3309913789901886,0.5529088670948621,2.8555721713599445,0.2335633727868771,1.9965216451376708,0.8812908992306927,0.0,3,svc,0.7,0.5764705882352941,0.0061433315277099,0.5,"{'estimator__C': 0.01, 'estimator__break_ties': False, 'estimator__cache_size': 200, 'estimator__class_weight': None, 'estimator__coef0': 0.0, 'estimator__decision_function_shape': 'ovr', 'estimator__degree': 3, 'estimator__gamma': 0.1, 'estimator__kernel': 'linear', 'estimator__max_iter': -1, 'estimator__probability': False, 'estimator__random_state': None, 'estimator__shrinking': True, 'estimator__tol': 0.001, 'estimator__verbose': False, 'estimator': SVC(C=0.01, gamma=0.1, kernel='linear'), 'n_jobs': None}",class_data,svc_none_class_data
class_data-2.csv,pca,3,70,0.0428571428571428,3,1.4547483517215,0.91379855722111,2.220446049250313e-15,0.2423814605363431,210,1,0.0933333333333333,0.0305505046330389,-7.63867886453705e+16,4.260306304907219e+17,0.0293194874911112,0.1978476253253489,-0.3447237845318411,0.3326380052585814,-0.4705710383693832,0.073462117182568,1.988269706878258,0.9786961448300948,0.0,1,dt,0.9666666666666668,0.9668571428571427,0.0064587593078613,0.9722222222222222,"{'estimator__ccp_alpha': 0.0, 'estimator__class_weight': None, 'estimator__criterion': 'gini', 'estimator__max_depth': None, 'estimator__max_features': None, 'estimator__max_leaf_nodes': None, 'estimator__min_impurity_decrease': 0.0, 'estimator__min_samples_leaf': 1, 'estimator__min_samples_split': 2, 'estimator__min_weight_fraction_leaf': 0.0, 'estimator__monotonic_cst': None, 'estimator__random_state': None, 'estimator__splitter': 'best', 'estimator': DecisionTreeClassifier(), 'n_jobs': None}",class_data,dt_pca_class_data
class_data-2.csv,pca,3,70,0.0428571428571428,3,1.4547483517215,0.91379855722111,2.220446049250313e-15,0.2423814605363431,210,1,0.0933333333333333,0.0305505046330389,-7.63867886453705e+16,4.260306304907219e+17,0.0293194874911112,0.1978476253253489,-0.3447237845318411,0.3326380052585814,-0.4705710383693832,0.073462117182568,1.988269706878258,0.9786961448300948,0.0,1,svc,0.6,0.45,0.0070791244506835,0.5,"{'estimator__C': 0.01, 'estimator__break_ties': False, 'estimator__cache_size': 200, 'estimator__class_weight': None, 'estimator__coef0': 0.0, 'estimator__decision_function_shape': 'ovr', 'estimator__degree': 3, 'estimator__gamma': 0.1, 'estimator__kernel': 'linear', 'estimator__max_iter': -1, 'estimator__probability': False, 'estimator__random_state': None, 'estimator__shrinking': True, 'estimator__tol': 0.001, 'estimator__verbose': False, 'estimator': SVC(C=0.01, gamma=0.1, kernel='linear'), 'n_jobs': None}",class_data,svc_pca_class_data
class_data-2.csv,isomap,3,70,0.0428571428571428,3,1.470761714193562,0.918577778802499,4.440892098500626e-16,0.2473213130780031,210,1,0.1399999999999999,0.0529150262212918,-1.106529964492631e+18,2.00082725870901e+18,-0.0873067549265418,0.0416596375941244,-0.7250469274854884,0.518581371054737,-0.8308238115331291,0.1064684841671132,1.9882760099567671,0.9786961448300948,0.0,1,dt,1.0,1.0,0.0062379837036132,1.0,"{'estimator__ccp_alpha': 0.0, 'estimator__class_weight': None, 'estimator__criterion': 'gini', 'estimator__max_depth': None, 'estimator__max_features': None, 'estimator__max_leaf_nodes': None, 'estimator__min_impurity_decrease': 0.0, 'estimator__min_samples_leaf': 1, 'estimator__min_samples_split': 2, 'estimator__min_weight_fraction_leaf': 0.0, 'estimator__monotonic_cst': None, 'estimator__random_state': None, 'estimator__splitter': 'best', 'estimator': DecisionTreeClassifier(), 'n_jobs': None}",class_data,dt_isomap_class_data
class_data-2.csv,isomap,3,70,0.0428571428571428,3,1.470761714193562,0.918577778802499,4.440892098500626e-16,0.2473213130780031,210,1,0.1399999999999999,0.0529150262212918,-1.106529964492631e+18,2.00082725870901e+18,-0.0873067549265418,0.0416596375941244,-0.7250469274854884,0.518581371054737,-0.8308238115331291,0.1064684841671132,1.9882760099567671,0.9786961448300948,0.0,1,svc,0.6,0.45,0.0066807270050048,0.5,"{'estimator__C': 0.01, 'estimator__break_ties': False, 'estimator__cache_size': 200, 'estimator__class_weight': None, 'estimator__coef0': 0.0, 'estimator__decision_function_shape': 'ovr', 'estimator__degree': 3, 'estimator__gamma': 0.1, 'estimator__kernel': 'linear', 'estimator__max_iter': -1, 'estimator__probability': False, 'estimator__random_state': None, 'estimator__shrinking': True, 'estimator__tol': 0.001, 'estimator__verbose': False, 'estimator': SVC(C=0.01, gamma=0.1, kernel='linear'), 'n_jobs': None}",class_data,svc_isomap_class_data
class_data-2.csv,none,10,70,0.1428571428571428,8,2.165381509360753e+16,0.4585860101773164,12.10394933645244,0.1462317343656212,690,4,0.047,0.0067494855771055,46.82952786129759,5.166678163118945,0.1054729336213671,0.3222792851507893,-0.189995018023149,0.3098863618335792,2.8972444414189926,0.2206253257204273,1.996530841961244,0.9786961448300948,0.0,1,dt,0.9,0.9005714285714286,0.0063836574554443,0.9027777777777776,"{'estimator__ccp_alpha': 0.0, 'estimator__class_weight': None, 'estimator__criterion': 'gini', 'estimator__max_depth': None, 'estimator__max_features': None, 'estimator__max_leaf_nodes': None, 'estimator__min_impurity_decrease': 0.0, 'estimator__min_samples_leaf': 1, 'estimator__min_samples_split': 2, 'estimator__min_weight_fraction_leaf': 0.0, 'estimator__monotonic_cst': None, 'estimator__random_state': None, 'estimator__splitter': 'best', 'estimator': DecisionTreeClassifier(), 'n_jobs': None}",class_data,dt_none_class_data
class_data-2.csv,none,10,70,0.1428571428571428,8,2.165381509360753e+16,0.4585860101773164,12.10394933645244,0.1462317343656212,690,4,0.047,0.0067494855771055,46.82952786129759,5.166678163118945,0.1054729336213671,0.3222792851507893,-0.189995018023149,0.3098863618335792,2.8972444414189926,0.2206253257204273,1.996530841961244,0.9786961448300948,0.0,1,svc,0.6,0.45,0.0066134929656982,0.5,"{'estimator__C': 0.01, 'estimator__break_ties': False, 'estimator__cache_size': 200, 'estimator__class_weight': None, 'estimator__coef0': 0.0, 'estimator__decision_function_shape': 'ovr', 'estimator__degree': 3, 'estimator__gamma': 0.1, 'estimator__kernel': 'linear', 'estimator__max_iter': -1, 'estimator__probability': False, 'estimator__random_state': None, 'estimator__shrinking': True, 'estimator__tol': 0.001, 'estimator__verbose': False, 'estimator': SVC(C=0.01, gamma=0.1, kernel='linear'), 'n_jobs': None}",class_data,svc_none_class_data
class_data-2.csv,pca,3,70,0.0428571428571428,3,1.4674106477779196,1.0190241315397397,0.0,0.2645704933080843,210,1,0.1066666666666666,0.0351188458428424,-1.6241868135243295e+18,4.378513395968452e+18,-0.0526338266867148,0.2121509754061889,-0.7105177711897301,0.4015393995373969,-0.5426324530077251,0.0895757000923864,1.9880362557457785,0.9786961448300948,0.0,2,dt,0.8,0.8017857142857143,0.0056815147399902,0.8194444444444444,"{'estimator__ccp_alpha': 0.0, 'estimator__class_weight': None, 'estimator__criterion': 'gini', 'estimator__max_depth': None, 'estimator__max_features': None, 'estimator__max_leaf_nodes': None, 'estimator__min_impurity_decrease': 0.0, 'estimator__min_samples_leaf': 1, 'estimator__min_samples_split': 2, 'estimator__min_weight_fraction_leaf': 0.0, 'estimator__monotonic_cst': None, 'estimator__random_state': None, 'estimator__splitter': 'best', 'estimator': DecisionTreeClassifier(), 'n_jobs': None}",class_data,dt_pca_class_data
class_data-2.csv,pca,3,70,0.0428571428571428,3,1.4674106477779196,1.0190241315397397,0.0,0.2645704933080843,210,1,0.1066666666666666,0.0351188458428424,-1.6241868135243295e+18,4.378513395968452e+18,-0.0526338266867148,0.2121509754061889,-0.7105177711897301,0.4015393995373969,-0.5426324530077251,0.0895757000923864,1.9880362557457785,0.9786961448300948,0.0,2,svc,0.6,0.45,0.0060670375823974,0.5,"{'estimator__C': 0.01, 'estimator__break_ties': False, 'estimator__cache_size': 200, 'estimator__class_weight': None, 'estimator__coef0': 0.0, 'estimator__decision_function_shape': 'ovr', 'estimator__degree': 3, 'estimator__gamma': 0.1, 'estimator__kernel': 'linear', 'estimator__max_iter': -1, 'estimator__probability': False, 'estimator__random_state': None, 'estimator__shrinking': True, 'estimator__tol': 0.001, 'estimator__verbose': False, 'estimator': SVC(C=0.01, gamma=0.1, kernel='linear'), 'n_jobs': None}",class_data,svc_pca_class_data
class_data-2.csv,isomap,3,70,0.0428571428571428,3,1.4887964045451842,0.9686336063285332,1.3322676295501878e-15,0.2940538327124479,210,1,0.16,0.0624499799839839,1.945651511425892e+18,4.0071723087095736e+18,0.1775477993049851,0.3468058659702221,-0.7820066469250242,0.5372048510860987,-0.9031953641035488,0.1240922814925057,1.9882862568911888,0.9786961448300948,0.0,2,dt,0.8333333333333334,0.8350168350168351,0.0062127113342285,0.8472222222222222,"{'estimator__ccp_alpha': 0.0, 'estimator__class_weight': None, 'estimator__criterion': 'gini', 'estimator__max_depth': None, 'estimator__max_features': None, 'estimator__max_leaf_nodes': None, 'estimator__min_impurity_decrease': 0.0, 'estimator__min_samples_leaf': 1, 'estimator__min_samples_split': 2, 'estimator__min_weight_fraction_leaf': 0.0, 'estimator__monotonic_cst': None, 'estimator__random_state': None, 'estimator__splitter': 'best', 'estimator': DecisionTreeClassifier(), 'n_jobs': None}",class_data,dt_isomap_class_data
class_data-2.csv,isomap,3,70,0.0428571428571428,3,1.4887964045451842,0.9686336063285332,1.3322676295501878e-15,0.2940538327124479,210,1,0.16,0.0624499799839839,1.945651511425892e+18,4.0071723087095736e+18,0.1775477993049851,0.3468058659702221,-0.7820066469250242,0.5372048510860987,-0.9031953641035488,0.1240922814925057,1.9882862568911888,0.9786961448300948,0.0,2,svc,0.6,0.45,0.0065557956695556,0.5,"{'estimator__C': 0.01, 'estimator__break_ties': False, 'estimator__cache_size': 200, 'estimator__class_weight': None, 'estimator__coef0': 0.0, 'estimator__decision_function_shape': 'ovr', 'estimator__degree': 3, 'estimator__gamma': 0.1, 'estimator__kernel': 'linear', 'estimator__max_iter': -1, 'estimator__probability': False, 'estimator__random_state': None, 'estimator__shrinking': True, 'estimator__tol': 0.001, 'estimator__verbose': False, 'estimator': SVC(C=0.01, gamma=0.1, kernel='linear'), 'n_jobs': None}",class_data,svc_isomap_class_data
class_data-2.csv,none,10,70,0.1428571428571428,8,2.073586528611601e+16,0.5269952635027088,12.203569139743838,0.1803513637316892,690,4,0.051,0.0099442892601175,47.22732766370525,5.191771914820467,0.057938511467144,0.2705807297966905,-0.2874936881433471,0.3914322844669648,2.887609520556493,0.2471764492242902,1.9965361263572865,0.9786961448300948,0.0,2,dt,0.8666666666666667,0.8666666666666667,0.0062882900238037,0.8611111111111112,"{'estimator__ccp_alpha': 0.0, 'estimator__class_weight': None, 'estimator__criterion': 'gini', 'estimator__max_depth': None, 'estimator__max_features': None, 'estimator__max_leaf_nodes': None, 'estimator__min_impurity_decrease': 0.0, 'estimator__min_samples_leaf': 1, 'estimator__min_samples_split': 2, 'estimator__min_weight_fraction_leaf': 0.0, 'estimator__monotonic_cst': None, 'estimator__random_state': None, 'estimator__splitter': 'best', 'estimator': DecisionTreeClassifier(), 'n_jobs': None}",class_data,dt_none_class_data
class_data-2.csv,none,10,70,0.1428571428571428,8,2.073586528611601e+16,0.5269952635027088,12.203569139743838,0.1803513637316892,690,4,0.051,0.0099442892601175,47.22732766370525,5.191771914820467,0.057938511467144,0.2705807297966905,-0.2874936881433471,0.3914322844669648,2.887609520556493,0.2471764492242902,1.9965361263572865,0.9786961448300948,0.0,2,svc,0.6,0.45,0.0065836906433105,0.5,"{'estimator__C': 0.01, 'estimator__break_ties': False, 'estimator__cache_size': 200, 'estimator__class_weight': None, 'estimator__coef0': 0.0, 'estimator__decision_function_shape': 'ovr', 'estimator__degree': 3, 'estimator__gamma': 0.1, 'estimator__kernel': 'linear', 'estimator__max_iter': -1, 'estimator__probability': False, 'estimator__random_state': None, 'estimator__shrinking': True, 'estimator__tol': 0.001, 'estimator__verbose': False, 'estimator': SVC(C=0.01, gamma=0.1, kernel='linear'), 'n_jobs': None}",class_data,svc_none_class_data
class_data-2.csv,pca,3,70,0.0428571428571428,3,1.5289025057940164,1.020465729147949,0.0,0.1956922690874839,210,1,0.1,0.04,-3.5295148119008826e+17,5.6035855786028256e+17,0.1355742430759719,0.4397232225498459,-0.15846128657097,0.7161601179917049,-0.4778029072563163,0.0884188328030197,1.9883592342701175,0.9786961448300948,0.0,3,dt,0.8333333333333334,0.8342602892102337,0.006263256072998,0.8611111111111112,"{'estimator__ccp_alpha': 0.0, 'estimator__class_weight': None, 'estimator__criterion': 'gini', 'estimator__max_depth': None, 'estimator__max_features': None, 'estimator__max_leaf_nodes': None, 'estimator__min_impurity_decrease': 0.0, 'estimator__min_samples_leaf': 1, 'estimator__min_samples_split': 2, 'estimator__min_weight_fraction_leaf': 0.0, 'estimator__monotonic_cst': None, 'estimator__random_state': None, 'estimator__splitter': 'best', 'estimator': DecisionTreeClassifier(), 'n_jobs': None}",class_data,dt_pca_class_data
class_data-2.csv,pca,3,70,0.0428571428571428,3,1.5289025057940164,1.020465729147949,0.0,0.1956922690874839,210,1,0.1,0.04,-3.5295148119008826e+17,5.6035855786028256e+17,0.1355742430759719,0.4397232225498459,-0.15846128657097,0.7161601179917049,-0.4778029072563163,0.0884188328030197,1.9883592342701175,0.9786961448300948,0.0,3,svc,0.6,0.45,0.0065894126892089,0.5,"{'estimator__C': 0.01, 'estimator__break_ties': False, 'estimator__cache_size': 200, 'estimator__class_weight': None, 'estimator__coef0': 0.0, 'estimator__decision_function_shape': 'ovr', 'estimator__degree': 3, 'estimator__gamma': 0.1, 'estimator__kernel': 'linear', 'estimator__max_iter': -1, 'estimator__probability': False, 'estimator__random_state': None, 'estimator__shrinking': True, 'estimator__tol': 0.001, 'estimator__verbose': False, 'estimator': SVC(C=0.01, gamma=0.1, kernel='linear'), 'n_jobs': None}",class_data,svc_pca_class_data
class_data-2.csv,isomap,3,70,0.0428571428571428,3,1.5906972468890317,1.0108567169463611,4.440892098500626e-16,0.1906809413847869,210,1,0.1533333333333333,0.0650640709864771,9.215632857658106e+17,1.428044278951844e+18,0.4666945579237505,0.0612525254760047,-0.1717877820179641,0.7240575243680916,-0.8341785631368542,0.1263793894487584,1.9882992082754325,0.9786961448300948,0.0,3,dt,0.9,0.901010101010101,0.0062973499298095,0.9166666666666669,"{'estimator__ccp_alpha': 0.0, 'estimator__class_weight': None, 'estimator__criterion': 'gini', 'estimator__max_depth': None, 'estimator__max_features': None, 'estimator__max_leaf_nodes': None, 'estimator__min_impurity_decrease': 0.0, 'estimator__min_samples_leaf': 1, 'estimator__min_samples_split': 2, 'estimator__min_weight_fraction_leaf': 0.0, 'estimator__monotonic_cst': None, 'estimator__random_state': None, 'estimator__splitter': 'best', 'estimator': DecisionTreeClassifier(), 'n_jobs': None}",class_data,dt_isomap_class_data
class_data-2.csv,isomap,3,70,0.0428571428571428,3,1.5906972468890317,1.0108567169463611,4.440892098500626e-16,0.1906809413847869,210,1,0.1533333333333333,0.0650640709864771,9.215632857658106e+17,1.428044278951844e+18,0.4666945579237505,0.0612525254760047,-0.1717877820179641,0.7240575243680916,-0.8341785631368542,0.1263793894487584,1.9882992082754325,0.9786961448300948,0.0,3,svc,0.6,0.45,0.0066602230072021,0.5,"{'estimator__C': 0.01, 'estimator__break_ties': False, 'estimator__cache_size': 200, 'estimator__class_weight': None, 'estimator__coef0': 0.0, 'estimator__decision_function_shape': 'ovr', 'estimator__degree': 3, 'estimator__gamma': 0.1, 'estimator__kernel': 'linear', 'estimator__max_iter': -1, 'estimator__probability': False, 'estimator__random_state': None, 'estimator__shrinking': True, 'estimator__tol': 0.001, 'estimator__verbose': False, 'estimator': SVC(C=0.01, gamma=0.1, kernel='linear'), 'n_jobs': None}",class_data,svc_isomap_class_data
class_data-2.csv,none,10,70,0.1428571428571428,8,2.3875301528526984e+16,0.5282333843202921,13.23510509240618,0.1465285017227449,690,4,0.048,0.0103279555898864,45.18724538099228,7.8223424093761,0.0038195518298195,0.3147655654470191,-0.3059552634909208,0.4162436406539757,2.9202212848052658,0.2456172090321406,1.99653142346214,0.9786961448300948,0.0,3,dt,0.8666666666666667,0.8678571428571428,0.006831407546997,0.8888888888888888,"{'estimator__ccp_alpha': 0.0, 'estimator__class_weight': None, 'estimator__criterion': 'gini', 'estimator__max_depth': None, 'estimator__max_features': None, 'estimator__max_leaf_nodes': None, 'estimator__min_impurity_decrease': 0.0, 'estimator__min_samples_leaf': 1, 'estimator__min_samples_split': 2, 'estimator__min_weight_fraction_leaf': 0.0, 'estimator__monotonic_cst': None, 'estimator__random_state': None, 'estimator__splitter': 'best', 'estimator': DecisionTreeClassifier(), 'n_jobs': None}",class_data,dt_none_class_data
class_data-2.csv,none,10,70,0.1428571428571428,8,2.3875301528526984e+16,0.5282333843202921,13.23510509240618,0.1465285017227449,690,4,0.048,0.0103279555898864,45.18724538099228,7.8223424093761,0.0038195518298195,0.3147655654470191,-0.3059552634909208,0.4162436406539757,2.9202212848052658,0.2456172090321406,1.99653142346214,0.9786961448300948,0.0,3,svc,0.6,0.45,0.0067923069000244,0.5,"{'estimator__C': 0.01, 'estimator__break_ties': False, 'estimator__cache_size': 200, 'estimator__class_weight': None, 'estimator__coef0': 0.0, 'estimator__decision_function_shape': 'ovr', 'estimator__degree': 3, 'estimator__gamma': 0.1, 'estimator__kernel': 'linear', 'estimator__max_iter': -1, 'estimator__probability': False, 'estimator__random_state': None, 'estimator__shrinking': True, 'estimator__tol': 0.001, 'estimator__verbose': False, 'estimator': SVC(C=0.01, gamma=0.1, kernel='linear'), 'n_jobs': None}",class_data,svc_none_class_data
class_data-3.csv,pca,3,70,0.0428571428571428,3,1.777988383459206,0.3540200645221596,8.881784197001252e-16,0.1483153121521934,210,1,0.0966666666666666,0.0642910050732863,6038184312317061.0,1.916377004613428e+17,-0.0158955930976066,0.1656630911648733,-0.6782517069204023,0.3889138723769615,-0.4807757735277748,0.0741588471106948,1.9883669627173877,1.0,0.0,1,dt,0.6333333333333333,0.6296296296296297,0.0063982009887695,0.6333333333333333,"{'estimator__ccp_alpha': 0.0, 'estimator__class_weight': None, 'estimator__criterion': 'gini', 'estimator__max_depth': None, 'estimator__max_features': None, 'estimator__max_leaf_nodes': None, 'estimator__min_impurity_decrease': 0.0, 'estimator__min_samples_leaf': 1, 'estimator__min_samples_split': 2, 'estimator__min_weight_fraction_leaf': 0.0, 'estimator__monotonic_cst': None, 'estimator__random_state': None, 'estimator__splitter': 'best', 'estimator': DecisionTreeClassifier(), 'n_jobs': None}",class_data,dt_pca_class_data
class_data-3.csv,pca,3,70,0.0428571428571428,3,1.777988383459206,0.3540200645221596,8.881784197001252e-16,0.1483153121521934,210,1,0.0966666666666666,0.0642910050732863,6038184312317061.0,1.916377004613428e+17,-0.0158955930976066,0.1656630911648733,-0.6782517069204023,0.3889138723769615,-0.4807757735277748,0.0741588471106948,1.9883669627173877,1.0,0.0,1,svc,0.6,0.5927601809954751,0.0066974163055419,0.6000000000000001,"{'estimator__C': 0.01, 'estimator__break_ties': False, 'estimator__cache_size': 200, 'estimator__class_weight': None, 'estimator__coef0': 0.0, 'estimator__decision_function_shape': 'ovr', 'estimator__degree': 3, 'estimator__gamma': 0.1, 'estimator__kernel': 'linear', 'estimator__max_iter': -1, 'estimator__probability': False, 'estimator__random_state': None, 'estimator__shrinking': True, 'estimator__tol': 0.001, 'estimator__verbose': False, 'estimator': SVC(C=0.01, gamma=0.1, kernel='linear'), 'n_jobs': None}",class_data,svc_pca_class_data
class_data-3.csv,isomap,3,70,0.0428571428571428,3,1.704606469521588,0.3789605072923618,0.0,0.1313995050368065,210,1,0.1466666666666666,0.089628864398325,1.3005220286095229e+19,2.394369771325498e+19,0.2554935017305473,0.0381786699012491,-0.5824377319678966,0.6402985742339793,-0.8505747278308876,0.1102463508363794,1.9885013181494653,1.0,0.0,1,dt,0.7333333333333333,0.7321428571428572,0.0062713623046875,0.7333333333333334,"{'estimator__ccp_alpha': 0.0, 'estimator__class_weight': None, 'estimator__criterion': 'gini', 'estimator__max_depth': None, 'estimator__max_features': None, 'estimator__max_leaf_nodes': None, 'estimator__min_impurity_decrease': 0.0, 'estimator__min_samples_leaf': 1, 'estimator__min_samples_split': 2, 'estimator__min_weight_fraction_leaf': 0.0, 'estimator__monotonic_cst': None, 'estimator__random_state': None, 'estimator__splitter': 'best', 'estimator': DecisionTreeClassifier(), 'n_jobs': None}",class_data,dt_isomap_class_data
class_data-3.csv,isomap,3,70,0.0428571428571428,3,1.704606469521588,0.3789605072923618,0.0,0.1313995050368065,210,1,0.1466666666666666,0.089628864398325,1.3005220286095229e+19,2.394369771325498e+19,0.2554935017305473,0.0381786699012491,-0.5824377319678966,0.6402985742339793,-0.8505747278308876,0.1102463508363794,1.9885013181494653,1.0,0.0,1,svc,0.6333333333333333,0.6296296296296297,0.0065939426422119,0.6333333333333333,"{'estimator__C': 0.01, 'estimator__break_ties': False, 'estimator__cache_size': 200, 'estimator__class_weight': None, 'estimator__coef0': 0.0, 'estimator__decision_function_shape': 'ovr', 'estimator__degree': 3, 'estimator__gamma': 0.1, 'estimator__kernel': 'linear', 'estimator__max_iter': -1, 'estimator__probability': False, 'estimator__random_state': None, 'estimator__shrinking': True, 'estimator__tol': 0.001, 'estimator__verbose': False, 'estimator': SVC(C=0.01, gamma=0.1, kernel='linear'), 'n_jobs': None}",class_data,svc_isomap_class_data
class_data-3.csv,none,10,70,0.1428571428571428,8,2.240674035569618e+16,0.229341528521518,14.152508722031987,0.0953615151226278,690,4,0.047,0.0105934990547138,42.66062578237894,7.4788713151398705,-0.0771893348448667,0.3308700347817829,-0.1844638921907896,0.4740984194275698,2.9660834910123266,0.2219951469173418,1.9965242449075151,1.0,0.0,1,dt,0.5,0.4223363286264441,0.0064382553100585,0.5,"{'estimator__ccp_alpha': 0.0, 'estimator__class_weight': None, 'estimator__criterion': 'gini', 'estimator__max_depth': None, 'estimator__max_features': None, 'estimator__max_leaf_nodes': None, 'estimator__min_impurity_decrease': 0.0, 'estimator__min_samples_leaf': 1, 'estimator__min_samples_split': 2, 'estimator__min_weight_fraction_leaf': 0.0, 'estimator__monotonic_cst': None, 'estimator__random_state': None, 'estimator__splitter': 'best', 'estimator': DecisionTreeClassifier(), 'n_jobs': None}",class_data,dt_none_class_data
class_data-3.csv,none,10,70,0.1428571428571428,8,2.240674035569618e+16,0.229341528521518,14.152508722031987,0.0953615151226278,690,4,0.047,0.0105934990547138,42.66062578237894,7.4788713151398705,-0.0771893348448667,0.3308700347817829,-0.1844638921907896,0.4740984194275698,2.9660834910123266,0.2219951469173418,1.9965242449075151,1.0,0.0,1,svc,0.6333333333333333,0.6329254727474972,0.0066757202148437,0.6333333333333334,"{'estimator__C': 0.01, 'estimator__break_ties': False, 'estimator__cache_size': 200, 'estimator__class_weight': None, 'estimator__coef0': 0.0, 'estimator__decision_function_shape': 'ovr', 'estimator__degree': 3, 'estimator__gamma': 0.1, 'estimator__kernel': 'linear', 'estimator__max_iter': -1, 'estimator__probability': False, 'estimator__random_state': None, 'estimator__shrinking': True, 'estimator__tol': 0.001, 'estimator__verbose': False, 'estimator': SVC(C=0.01, gamma=0.1, kernel='linear'), 'n_jobs': None}",class_data,svc_none_class_data
class_data-3.csv,pca,3,70,0.0428571428571428,3,1.8114539292132164,0.2305832895171687,1.7763568394002505e-15,0.0126829600097885,210,1,0.1066666666666666,0.0723417813807023,1.4873337909677894e+17,2.434192276424984e+17,0.0842705917485793,0.1246608138537955,-0.3149281267675545,0.6218556228891944,-0.5544740666968959,0.0751583812046196,1.988241551659756,1.0,0.0,2,dt,0.5666666666666667,0.5622895622895623,0.0064163208007812,0.5666666666666668,"{'estimator__ccp_alpha': 0.0, 'estimator__class_weight': None, 'estimator__criterion': 'gini', 'estimator__max_depth': None, 'estimator__max_features': None, 'estimator__max_leaf_nodes': None, 'estimator__min_impurity_decrease': 0.0, 'estimator__min_samples_leaf': 1, 'estimator__min_samples_split': 2, 'estimator__min_weight_fraction_leaf': 0.0, 'estimator__monotonic_cst': None, 'estimator__random_state': None, 'estimator__splitter': 'best', 'estimator': DecisionTreeClassifier(), 'n_jobs': None}",class_data,dt_pca_class_data
class_data-3.csv,pca,3,70,0.0428571428571428,3,1.8114539292132164,0.2305832895171687,1.7763568394002505e-15,0.0126829600097885,210,1,0.1066666666666666,0.0723417813807023,1.4873337909677894e+17,2.434192276424984e+17,0.0842705917485793,0.1246608138537955,-0.3149281267675545,0.6218556228891944,-0.5544740666968959,0.0751583812046196,1.988241551659756,1.0,0.0,2,svc,0.5,0.4857142857142857,0.0066370964050292,0.5,"{'estimator__C': 0.01, 'estimator__break_ties': False, 'estimator__cache_size': 200, 'estimator__class_weight': None, 'estimator__coef0': 0.0, 'estimator__decision_function_shape': 'ovr', 'estimator__degree': 3, 'estimator__gamma': 0.1, 'estimator__kernel': 'linear', 'estimator__max_iter': -1, 'estimator__probability': False, 'estimator__random_state': None, 'estimator__shrinking': True, 'estimator__tol': 0.001, 'estimator__verbose': False, 'estimator': SVC(C=0.01, gamma=0.1, kernel='linear'), 'n_jobs': None}",class_data,svc_pca_class_data
class_data-3.csv,isomap,3,70,0.0428571428571428,3,1.8302190054874208,0.2723928640543371,8.881784197001252e-16,0.0384580510659411,210,1,0.1533333333333333,0.102143689640297,-1.2473088908272612e+18,4.926568543909011e+18,0.2022348315101195,0.2502684958155754,-0.2276922780171426,1.24078269097736,-0.8835306410598951,0.1060285427346693,1.9881013545407424,1.0,0.0,2,dt,0.5,0.4994438264738599,0.006335973739624,0.5,"{'estimator__ccp_alpha': 0.0, 'estimator__class_weight': None, 'estimator__criterion': 'gini', 'estimator__max_depth': None, 'estimator__max_features': None, 'estimator__max_leaf_nodes': None, 'estimator__min_impurity_decrease': 0.0, 'estimator__min_samples_leaf': 1, 'estimator__min_samples_split': 2, 'estimator__min_weight_fraction_leaf': 0.0, 'estimator__monotonic_cst': None, 'estimator__random_state': None, 'estimator__splitter': 'best', 'estimator': DecisionTreeClassifier(), 'n_jobs': None}",class_data,dt_isomap_class_data
class_data-3.csv,isomap,3,70,0.0428571428571428,3,1.8302190054874208,0.2723928640543371,8.881784197001252e-16,0.0384580510659411,210,1,0.1533333333333333,0.102143689640297,-1.2473088908272612e+18,4.926568543909011e+18,0.2022348315101195,0.2502684958155754,-0.2276922780171426,1.24078269097736,-0.8835306410598951,0.1060285427346693,1.9881013545407424,1.0,0.0,2,svc,0.5333333333333333,0.5248868778280543,0.0065996646881103,0.5333333333333333,"{'estimator__C': 0.01, 'estimator__break_ties': False, 'estimator__cache_size': 200, 'estimator__class_weight': None, 'estimator__coef0': 0.0, 'estimator__decision_function_shape': 'ovr', 'estimator__degree': 3, 'estimator__gamma': 0.1, 'estimator__kernel': 'linear', 'estimator__max_iter': -1, 'estimator__probability': False, 'estimator__random_state': None, 'estimator__shrinking': True, 'estimator__tol': 0.001, 'estimator__verbose': False, 'estimator': SVC(C=0.01, gamma=0.1, kernel='linear'), 'n_jobs': None}",class_data,svc_isomap_class_data
class_data-3.csv,none,10,70,0.1428571428571428,8,1.939997420321132e+16,0.214307699867757,14.253915202512545,0.0789163999401883,690,3,0.049,0.0137032031940629,45.90036894133314,7.271471621978445,-0.024910442165397,0.1222801582875228,-0.3831841664926341,0.5676745523038181,2.917058716958085,0.2251592819648389,1.9965288520589315,1.0,0.0,2,dt,0.6666666666666666,0.6411483253588517,0.0064761638641357,0.6666666666666667,"{'estimator__ccp_alpha': 0.0, 'estimator__class_weight': None, 'estimator__criterion': 'gini', 'estimator__max_depth': None, 'estimator__max_features': None, 'estimator__max_leaf_nodes': None, 'estimator__min_impurity_decrease': 0.0, 'estimator__min_samples_leaf': 1, 'estimator__min_samples_split': 2, 'estimator__min_weight_fraction_leaf': 0.0, 'estimator__monotonic_cst': None, 'estimator__random_state': None, 'estimator__splitter': 'best', 'estimator': DecisionTreeClassifier(), 'n_jobs': None}",class_data,dt_none_class_data
class_data-3.csv,none,10,70,0.1428571428571428,8,1.939997420321132e+16,0.214307699867757,14.253915202512545,0.0789163999401883,690,3,0.049,0.0137032031940629,45.90036894133314,7.271471621978445,-0.024910442165397,0.1222801582875228,-0.3831841664926341,0.5676745523038181,2.917058716958085,0.2251592819648389,1.9965288520589315,1.0,0.0,2,svc,0.6666666666666666,0.6411483253588517,0.0066585540771484,0.6666666666666666,"{'estimator__C': 0.01, 'estimator__break_ties': False, 'estimator__cache_size': 200, 'estimator__class_weight': None, 'estimator__coef0': 0.0, 'estimator__decision_function_shape': 'ovr', 'estimator__degree': 3, 'estimator__gamma': 0.1, 'estimator__kernel': 'linear', 'estimator__max_iter': -1, 'estimator__probability': False, 'estimator__random_state': None, 'estimator__shrinking': True, 'estimator__tol': 0.001, 'estimator__verbose': False, 'estimator': SVC(C=0.01, gamma=0.1, kernel='linear'), 'n_jobs': None}",class_data,svc_none_class_data
class_data-3.csv,pca,3,70,0.0428571428571428,3,1.746280709030242,0.0366121594202912,8.881784197001252e-16,0.0015438018038546,210,1,0.1033333333333333,0.0665832811847939,1.0591746815992618e+18,3.0499069510342554e+18,0.2429232066447593,0.0849821241662401,-0.0910951710017592,0.8416442198404446,-0.5048563453236108,0.0754952302110976,1.9885478719974157,1.0,0.0,3,dt,0.6,0.5982142857142857,0.0063803195953369,0.6000000000000001,"{'estimator__ccp_alpha': 0.0, 'estimator__class_weight': None, 'estimator__criterion': 'gini', 'estimator__max_depth': None, 'estimator__max_features': None, 'estimator__max_leaf_nodes': None, 'estimator__min_impurity_decrease': 0.0, 'estimator__min_samples_leaf': 1, 'estimator__min_samples_split': 2, 'estimator__min_weight_fraction_leaf': 0.0, 'estimator__monotonic_cst': None, 'estimator__random_state': None, 'estimator__splitter': 'best', 'estimator': DecisionTreeClassifier(), 'n_jobs': None}",class_data,dt_pca_class_data
class_data-3.csv,pca,3,70,0.0428571428571428,3,1.746280709030242,0.0366121594202912,8.881784197001252e-16,0.0015438018038546,210,1,0.1033333333333333,0.0665832811847939,1.0591746815992618e+18,3.0499069510342554e+18,0.2429232066447593,0.0849821241662401,-0.0910951710017592,0.8416442198404446,-0.5048563453236108,0.0754952302110976,1.9885478719974157,1.0,0.0,3,svc,0.8333333333333334,0.8285714285714285,0.0065972805023193,0.8333333333333333,"{'estimator__C': 0.01, 'estimator__break_ties': False, 'estimator__cache_size': 200, 'estimator__class_weight': None, 'estimator__coef0': 0.0, 'estimator__decision_function_shape': 'ovr', 'estimator__degree': 3, 'estimator__gamma': 0.1, 'estimator__kernel': 'linear', 'estimator__max_iter': -1, 'estimator__probability': False, 'estimator__random_state': None, 'estimator__shrinking': True, 'estimator__tol': 0.001, 'estimator__verbose': False, 'estimator': SVC(C=0.01, gamma=0.1, kernel='linear'), 'n_jobs': None}",class_data,svc_pca_class_data
class_data-3.csv,isomap,3,70,0.0428571428571428,3,1.7186254760117683,0.0353443731954851,0.0,0.053828925777603,210,1,0.15,0.0953939201416945,-9.0054297198671e+17,1.2455335019988664e+18,0.3357088749042882,0.1070333995227247,-0.1571773055152887,0.8743343477652624,-0.8079409787313516,0.0954776463217515,1.9884174849335128,1.0,0.0,3,dt,0.5666666666666667,0.5661846496106785,0.0064561367034912,0.5666666666666667,"{'estimator__ccp_alpha': 0.0, 'estimator__class_weight': None, 'estimator__criterion': 'gini', 'estimator__max_depth': None, 'estimator__max_features': None, 'estimator__max_leaf_nodes': None, 'estimator__min_impurity_decrease': 0.0, 'estimator__min_samples_leaf': 1, 'estimator__min_samples_split': 2, 'estimator__min_weight_fraction_leaf': 0.0, 'estimator__monotonic_cst': None, 'estimator__random_state': None, 'estimator__splitter': 'best', 'estimator': DecisionTreeClassifier(), 'n_jobs': None}",class_data,dt_isomap_class_data
class_data-3.csv,isomap,3,70,0.0428571428571428,3,1.7186254760117683,0.0353443731954851,0.0,0.053828925777603,210,1,0.15,0.0953939201416945,-9.0054297198671e+17,1.2455335019988664e+18,0.3357088749042882,0.1070333995227247,-0.1571773055152887,0.8743343477652624,-0.8079409787313516,0.0954776463217515,1.9884174849335128,1.0,0.0,3,svc,0.8333333333333334,0.8331479421579533,0.0066287517547607,0.8333333333333334,"{'estimator__C': 0.01, 'estimator__break_ties': False, 'estimator__cache_size': 200, 'estimator__class_weight': None, 'estimator__coef0': 0.0, 'estimator__decision_function_shape': 'ovr', 'estimator__degree': 3, 'estimator__gamma': 0.1, 'estimator__kernel': 'linear', 'estimator__max_iter': -1, 'estimator__probability': False, 'estimator__random_state': None, 'estimator__shrinking': True, 'estimator__tol': 0.001, 'estimator__verbose': False, 'estimator': SVC(C=0.01, gamma=0.1, kernel='linear'), 'n_jobs': None}",class_data,svc_isomap_class_data
class_data-3.csv,none,10,70,0.1428571428571428,8,3.998803586855164e+16,0.1082628227907499,14.91927400603522,0.06889489575819,690,3,0.049,0.0119721899973786,43.6365483351936,8.571925698965043,-0.05072040618667,0.2498941275651437,-0.2536737901256292,0.4069229352277223,2.9703412502559314,0.2342330244164075,1.9965302374469915,1.0,0.0,3,dt,0.6,0.5833333333333334,0.0066440105438232,0.6,"{'estimator__ccp_alpha': 0.0, 'estimator__class_weight': None, 'estimator__criterion': 'gini', 'estimator__max_depth': None, 'estimator__max_features': None, 'estimator__max_leaf_nodes': None, 'estimator__min_impurity_decrease': 0.0, 'estimator__min_samples_leaf': 1, 'estimator__min_samples_split': 2, 'estimator__min_weight_fraction_leaf': 0.0, 'estimator__monotonic_cst': None, 'estimator__random_state': None, 'estimator__splitter': 'best', 'estimator': DecisionTreeClassifier(), 'n_jobs': None}",class_data,dt_none_class_data
class_data-3.csv,none,10,70,0.1428571428571428,8,3.998803586855164e+16,0.1082628227907499,14.91927400603522,0.06889489575819,690,3,0.049,0.0119721899973786,43.6365483351936,8.571925698965043,-0.05072040618667,0.2498941275651437,-0.2536737901256292,0.4069229352277223,2.9703412502559314,0.2342330244164075,1.9965302374469915,1.0,0.0,3,svc,0.8666666666666667,0.8642533936651584,0.0067279338836669,0.8666666666666667,"{'estimator__C': 0.01, 'estimator__break_ties': False, 'estimator__cache_size': 200, 'estimator__class_weight': None, 'estimator__coef0': 0.0, 'estimator__decision_function_shape': 'ovr', 'estimator__degree': 3, 'estimator__gamma': 0.1, 'estimator__kernel': 'linear', 'estimator__max_iter': -1, 'estimator__probability': False, 'estimator__random_state': None, 'estimator__shrinking': True, 'estimator__tol': 0.001, 'estimator__verbose': False, 'estimator': SVC(C=0.01, gamma=0.1, kernel='linear'), 'n_jobs': None}",class_data,svc_none_class_data
